event_ticker,market_ticker,market_title,yes_subtitle,series_ticker,away_team,home_team,kickoff_ts,matched_via
KXNCAAFGAME-25OCT11BYUARIZ,KXNCAAFGAME-25OCT11BYUARIZ-BYU,BYU at Arizona Winner?,BYU,KXNCAAFGAME,BYU,Arizona,1760227200,MASTER_SCHEDULE
KXNCAAFGAME-25OCT11RICEUTSA,KXNCAAFGAME-25OCT11RICEUTSA-UTSA,Rice at UTSA Winner?,UTSA,KXNCAAFGAME,UTSA,Rice,1760225400,MASTER_SCHEDULE
KXNCAAFGAME-25OCT11PURMINN,KXNCAAFGAME-25OCT11PURMINN-PUR,Purdue at Minnesota Winner?,Purdue,KXNCAAFGAME,Minnesota,Purdue,1760225400,MASTER_SCHEDULE
KXNCAAFGAME-25OCT11MICHUSC,KXNCAAFGAME-25OCT11MICHUSC-USC,Michigan at USC Winner?,USC,KXNCAAFGAME,Southern California,Michigan,1760225400,MASTER_SCHEDULE
KXNCAAFGAME-25OCT11KUTTU,KXNCAAFGAME-25OCT11KUTTU-TTU,Kansas at Texas Tech Winner?,Texas Tech,KXNCAAFGAME,Texas Tech,Kansas,1760225400,MASTER_SCHEDULE
KXNCAAFGAME-25OCT11CLEMBC,KXNCAAFGAME-25OCT11CLEMBC-CLEM,Clemson at Boston College Winner?,Clemson,KXNCAAFGAME,Clemson,Boston College,1760225400,MASTER_SCHEDULE
KXNCAAFGAME-25OCT11IOWAWIS,KXNCAAFGAME-25OCT11IOWAWIS-WIS,Iowa at Wisconsin Winner?,Wisconsin,KXNCAAFGAME,Iowa,Wisconsin,1760223600,MASTER_SCHEDULE
KXNCAAFGAME-25OCT11UABFAU,KXNCAAFGAME-25OCT11UABFAU-UAB,UAB at Florida Atlantic Winner?,UAB,KXNCAAFGAME,Florida Atlantic,UAB,1760220000,MASTER_SCHEDULE
KXNCAAFGAME-25OCT11ARKTENN,KXNCAAFGAME-25OCT11ARKTENN-TENN,Arkansas at Tennessee Winner?,Tennessee,KXNCAAFGAME,Tennessee,Arkansas,1760213700,MASTER_SCHEDULE
KXNCAAFGAME-25OCT11NAVYTEM,KXNCAAFGAME-25OCT11NAVYTEM-TEM,Navy at Temple Winner?,Temple,KXNCAAFGAME,Navy,Temple,1760212800,MASTER_SCHEDULE
KXNCAAFGAME-25OCT11VTGT,KXNCAAFGAME-25OCT11VTGT-VT,Virginia Tech at Georgia Tech Winner?,Virginia Tech,KXNCAAFGAME,Georgia Tech,Virginia Tech,1760211000,MASTER_SCHEDULE
KXNCAAFGAME-25OCT11OKLATEX,KXNCAAFGAME-25OCT11OKLATEX-TEX,Oklahoma at Texas Winner?,Texas,KXNCAAFGAME,Texas,Oklahoma,1760211000,MASTER_SCHEDULE
KXNCAAFGAME-25OCT11ODUMRSH,KXNCAAFGAME-25OCT11ODUMRSH-ODU,Old Dominion at Marshall Winner?,Old Dominion,KXNCAAFGAME,Marshall,Old Dominion,1760211000,MASTER_SCHEDULE
KXNCAAFGAME-25OCT11NEBMD,KXNCAAFGAME-25OCT11NEBMD-NEB,Nebraska at Maryland Winner?,Nebraska,KXNCAAFGAME,Nebraska,Maryland,1760211000,MASTER_SCHEDULE
KXNCAAFGAME-25OCT11INDORE,KXNCAAFGAME-25OCT11INDORE-ORE,Indiana at Oregon Winner?,Oregon,KXNCAAFGAME,Indiana,Oregon,1760211000,MASTER_SCHEDULE
KXNCAAFGAME-25OCT11AFAUNLV,KXNCAAFGAME-25OCT11AFAUNLV-UNLV,Air Force at UNLV Winner?,UNLV,KXNCAAFGAME,UNLV,Air Force,1760211000,MASTER_SCHEDULE
KXNCAAFGAME-25OCT11UGAAUB,KXNCAAFGAME-25OCT11UGAAUB-UGA,Georgia at Auburn Winner?,Georgia,KXNCAAFGAME,Georgia,Auburn,1760225400,MASTER_SCHEDULE
KXNCAAFGAME-25OCT11SCARLSU,KXNCAAFGAME-25OCT11SCARLSU-SCAR,South Carolina at LSU Winner?,South Carolina,KXNCAAFGAME,LSU,South Carolina,1760226300,MASTER_SCHEDULE
KXNCAAFGAME-25OCT11FLATXAM,KXNCAAFGAME-25OCT11FLATXAM-TXAM,Florida at Texas A&M Winner?,Texas A&M,KXNCAAFGAME,Texas A&M,Florida,1760223600,MASTER_SCHEDULE
KXNCAAFGAME-25OCT11ULLJMU,KXNCAAFGAME-25OCT11ULLJMU-ULL,Louisiana at James Madison Winner?,Louisiana,KXNCAAFGAME,James Madison,Louisiana,1760198400,MASTER_SCHEDULE
KXNCAAFGAME-25OCT11UCFCIN,KXNCAAFGAME-25OCT11UCFCIN-UCF,UCF at Cincinnati Winner?,UCF,KXNCAAFGAME,Cincinnati,UCF,1760198400,MASTER_SCHEDULE
KXNCAAFGAME-25OCT11TOLBGSU,KXNCAAFGAME-25OCT11TOLBGSU-TOL,Toledo at Bowling Green Winner?,Toledo,KXNCAAFGAME,Bowling Green,Toledo,1760198400,MASTER_SCHEDULE
KXNCAAFGAME-25OCT11STANSMU,KXNCAAFGAME-25OCT11STANSMU-STAN,Stanford at SMU Winner?,Stanford,KXNCAAFGAME,SMU,Stanford,1760198400,MASTER_SCHEDULE
KXNCAAFGAME-25OCT11CHARARMY,KXNCAAFGAME-25OCT11CHARARMY-CHAR,Charlotte at Army Winner?,Charlotte,KXNCAAFGAME,Army,Charlotte,1760198400,MASTER_SCHEDULE
KXNCAAFGAME-25OCT11ALAMIZZ,KXNCAAFGAME-25OCT11ALAMIZZ-MIZZ,Alabama at Missouri Winner?,Missouri,KXNCAAFGAME,Alabama,Missouri,1760198400,MASTER_SCHEDULE
KXNCAAFGAME-25OCT10RUTGWASH,KXNCAAFGAME-25OCT10RUTGWASH-WASH,Rutgers at Washington Winner?,Washington,KXNCAAFGAME,Washington,Rutgers,1760144400,MASTER_SCHEDULE
KXNCAAFGAME-25OCT09USMGASO,KXNCAAFGAME-25OCT09USMGASO-USM,Southern Miss at Georgia Southern Winner?,Southern Miss,KXNCAAFGAME,Southern Miss,Georgia Southern,1760054400,MASTER_SCHEDULE
KXNCAAFGAME-25OCT09ECUTULN,KXNCAAFGAME-25OCT09ECUTULN-TULN,East Carolina at Tulane Winner?,Tulane,KXNCAAFGAME,Tulane,East Carolina,1760052600,MASTER_SCHEDULE
KXNCAAFGAME-25OCT08LIBUTEP,KXNCAAFGAME-25OCT08LIBUTEP-UTEP,Liberty at UTEP Winner?,UTEP,KXNCAAFGAME,Liberty,UTEP,1759968000,MASTER_SCHEDULE
KXNCAAFGAME-25OCT04DUKECAL,KXNCAAFGAME-25OCT04DUKECAL-DUKE,Duke at California Winner?,Duke,KXNCAAFGAME,Duke,California,1759631400,MASTER_SCHEDULE
KXNCAAFGAME-25OCT04TLSAMEM,KXNCAAFGAME-25OCT04TLSAMEM-TLSA,Tulsa at Memphis Winner?,Tulsa,KXNCAAFGAME,Memphis,Tulsa,1759622400,MASTER_SCHEDULE
KXNCAAFGAME-25OCT04KUUCF,KXNCAAFGAME-25OCT04KUUCF-UCF,Kansas at UCF Winner?,UCF,KXNCAAFGAME,Kansas,UCF,1759620600,MASTER_SCHEDULE
KXNCAAFGAME-25OCT04COLOTCU,KXNCAAFGAME-25OCT04COLOTCU-TCU,Colorado at TCU Winner?,TCU,KXNCAAFGAME,TCU,Colorado,1759620600,MASTER_SCHEDULE
KXNCAAFGAME-25OCT04USATROY,KXNCAAFGAME-25OCT04USATROY-USA,South Alabama at Troy Winner?,South Alabama,KXNCAAFGAME,Troy,South Alabama,1759618800,MASTER_SCHEDULE
KXNCAAFGAME-25OCT04UNLVWYO,KXNCAAFGAME-25OCT04UNLVWYO-WYO,UNLV at Wyoming Winner?,Wyoming,KXNCAAFGAME,UNLV,Wyoming,1759618800,MASTER_SCHEDULE
KXNCAAFGAME-25OCT04TTUHOU,KXNCAAFGAME-25OCT04TTUHOU-TTU,Texas Tech at Houston Winner?,Texas Tech,KXNCAAFGAME,Texas Tech,Houston,1759618800,MASTER_SCHEDULE
KXNCAAFGAME-25OCT04FAURICE,KXNCAAFGAME-25OCT04FAURICE-RICE,Florida Atlantic at Rice Winner?,Rice,KXNCAAFGAME,Florida Atlantic,Rice,1759618800,MASTER_SCHEDULE
KXNCAAFGAME-25OCT04CCARODU,KXNCAAFGAME-25OCT04CCARODU-ODU,Coastal Carolina at Old Dominion Winner?,Old Dominion,KXNCAAFGAME,Old Dominion,Coastal Carolina,1759615200,MASTER_SCHEDULE
KXNCAAFGAME-25OCT04WASHMD,KXNCAAFGAME-25OCT04WASHMD-WASH,Washington at Maryland Winner?,Washington,KXNCAAFGAME,Washington,Maryland,1759606200,MASTER_SCHEDULE
KXNCAAFGAME-25OCT04VANALA,KXNCAAFGAME-25OCT04VANALA-VAN,Vanderbilt at Alabama Winner?,Vanderbilt,KXNCAAFGAME,Alabama,Vanderbilt,1759606200,MASTER_SCHEDULE
KXNCAAFGAME-25OCT04UVALOU,KXNCAAFGAME-25OCT04UVALOU-UVA,Virginia at Louisville Winner?,Virginia,KXNCAAFGAME,Virginia,Louisville,1759606200,MASTER_SCHEDULE
KXNCAAFGAME-25OCT04TEXFLA,KXNCAAFGAME-25OCT04TEXFLA-TEX,Texas at Florida Winner?,Texas,KXNCAAFGAME,Florida,Texas,1759606200,MASTER_SCHEDULE
KXNCAAFGAME-25OCT04SYRSMU,KXNCAAFGAME-25OCT04SYRSMU-SYR,Syracuse at SMU Winner?,Syracuse,KXNCAAFGAME,SMU,Syracuse,1759606200,MASTER_SCHEDULE
KXNCAAFGAME-25OCT04EMUBUFF,KXNCAAFGAME-25OCT04EMUBUFF-EMU,Eastern Michigan at Buffalo Winner?,Eastern Michigan,KXNCAAFGAME,Buffalo,Eastern Michigan,1759606200,MASTER_SCHEDULE
KXNCAAFGAME-25OCT04CMUAKR,KXNCAAFGAME-25OCT04CMUAKR-CMU,Central Michigan at Akron Winner?,Central Michigan,KXNCAAFGAME,Akron,Central Michigan,1759606200,MASTER_SCHEDULE
KXNCAAFGAME-25OCT04WMUMASS,KXNCAAFGAME-25OCT04WMUMASS-WMU,Western Michigan at UMass Winner?,Western Michigan,KXNCAAFGAME,Western Michigan,UMass,1759602600,MASTER_SCHEDULE
KXNCAAFGAME-25OCT04WAKEVT,KXNCAAFGAME-25OCT04WAKEVT-WAKE,Wake Forest at Virginia Tech Winner?,Wake Forest,KXNCAAFGAME,Wake Forest,Virginia Tech,1759597200,MASTER_SCHEDULE
KXNCAAFGAME-25OCT04UTSATEM,KXNCAAFGAME-25OCT04UTSATEM-UTSA,UTSA at Temple Winner?,UTSA,KXNCAAFGAME,Temple,UTSA,1759597200,MASTER_SCHEDULE
KXNCAAFGAME-25OCT04WISMICH,KXNCAAFGAME-25OCT04WISMICH-WIS,Wisconsin at Michigan Winner?,Wisconsin,KXNCAAFGAME,Michigan,Wisconsin,1759593600,MASTER_SCHEDULE
KXNCAAFGAME-25OCT04UKUGA,KXNCAAFGAME-25OCT04UKUGA-UK,Kentucky at Georgia Winner?,Kentucky,KXNCAAFGAME,Georgia,Kentucky,1759593600,MASTER_SCHEDULE
KXNCAAFGAME-25OCT04ILLPUR,KXNCAAFGAME-25OCT04ILLPUR-PUR,Illinois at Purdue Winner?,Purdue,KXNCAAFGAME,Illinois,Purdue,1759593600,MASTER_SCHEDULE
KXNCAAFGAME-25OCT04CLEMUNC,KXNCAAFGAME-25OCT04CLEMUNC-UNC,Clemson at North Carolina Winner?,North Carolina,KXNCAAFGAME,Clemson,North Carolina,1759593600,MASTER_SCHEDULE
KXNCAAFGAME-25OCT04ARMYUAB,KXNCAAFGAME-25OCT04ARMYUAB-UAB,Army at UAB Winner?,UAB,KXNCAAFGAME,Army,UAB,1759593600,MASTER_SCHEDULE
KXNCAAFGAME-25OCT04AFANAVY,KXNCAAFGAME-25OCT04AFANAVY-NAVY,Air Force at Navy Winner?,Navy,KXNCAAFGAME,Navy,Air Force,1759593600,MASTER_SCHEDULE
KXNCAAFGAME-25OCT03WVUBYU,KXNCAAFGAME-25OCT03WVUBYU-WVU,West Virginia at BYU Winner?,West Virginia,KXNCAAFGAME,BYU,West Virginia,1759545000,MASTER_SCHEDULE
KXNCAAFGAME-25SEP27BYUCOLO,KXNCAAFGAME-25SEP27BYUCOLO-COLO,BYU at Colorado Winner?,Colorado,KXNCAAFGAME,BYU,Colorado,1759025700,MASTER_SCHEDULE
KXNCAAFGAME-25SEP27LTUTEP,KXNCAAFGAME-25SEP27LTUTEP-UTEP,Louisiana Tech at UTEP Winner?,UTEP,KXNCAAFGAME,Louisiana Tech,UTEP,1759021200,MASTER_SCHEDULE
KXNCAAFGAME-25SEP27ALAUGA,KXNCAAFGAME-25SEP27ALAUGA-ALA,Alabama at Georgia Winner?,Alabama,KXNCAAFGAME,Alabama,Georgia,1759015800,MASTER_SCHEDULE
KXNCAAFGAME-25SEP27URIWMU,KXNCAAFGAME-25SEP27URIWMU-WMU,Rhode Island at Western Michigan Winner?,Western Michigan,KXNCAAFGAME,Western Michigan,Rhode Island,1759012200,MASTER_SCHEDULE
KXNCAAFGAME-25SEP27RICENAVY,KXNCAAFGAME-25SEP27RICENAVY-RICE,Rice at Navy Winner?,Rice,KXNCAAFGAME,Navy,Rice,1759001400,MASTER_SCHEDULE
KXNCAAFGAME-25SEP27AKRTOL,KXNCAAFGAME-25SEP27AKRTOL-TOL,Akron at Toledo Winner?,Toledo,KXNCAAFGAME,Toledo,Akron,1759001400,MASTER_SCHEDULE
KXNCAAFGAME-25SEP27UTAHWVU,KXNCAAFGAME-25SEP27UTAHWVU-WVU,Utah at West Virginia Winner?,West Virginia,KXNCAAFGAME,Utah,West Virginia,1759001400,MASTER_SCHEDULE
KXNCAAFGAME-25SEP27USCILL,KXNCAAFGAME-25SEP27USCILL-USC,USC at Illinois Winner?,USC,KXNCAAFGAME,Illinois,Southern California,1758988800,MASTER_SCHEDULE
KXNCAAFGAME-25SEP27USAUNT,KXNCAAFGAME-25SEP27USAUNT-USA,South Alabama at North Texas Winner?,South Alabama,KXNCAAFGAME,North Texas,South Alabama,1758988800,MASTER_SCHEDULE
KXNCAAFGAME-25SEP27UKSCAR,KXNCAAFGAME-25SEP27UKSCAR-UK,Kentucky at South Carolina Winner?,Kentucky,KXNCAAFGAME,South Carolina,Kentucky,1759016700,MASTER_SCHEDULE
KXNCAAFGAME-25SEP27UCLANW,KXNCAAFGAME-25SEP27UCLANW-UCLA,UCLA at Northwestern Winner?,UCLA,KXNCAAFGAME,Northwestern,UCLA,1759001400,MASTER_SCHEDULE
KXNCAAFGAME-25SEP27TULNTLSA,KXNCAAFGAME-25SEP27TULNTLSA-TULN,Tulane at Tulsa Winner?,Tulane,KXNCAAFGAME,Tulane,Tulsa,1759003200,MASTER_SCHEDULE
KXNCAAFGAME-25SEP27RUTGMINN,KXNCAAFGAME-25SEP27RUTGMINN-RUTG,Rutgers at Minnesota Winner?,Rutgers,KXNCAAFGAME,Minnesota,Rutgers,1758988800,MASTER_SCHEDULE
KXNCAAFGAME-25SEP27MRSHULL,KXNCAAFGAME-25SEP27MRSHULL-ULL,Marshall at Louisiana Winner?,Louisiana,KXNCAAFGAME,Louisiana,Marshall,1759017600,MASTER_SCHEDULE
KXNCAAFGAME-25SEP27MEMFAU,KXNCAAFGAME-25SEP27MEMFAU-MEM,Memphis at Florida Atlantic Winner?,Memphis,KXNCAAFGAME,Memphis,Florida Atlantic,1759014000,MASTER_SCHEDULE
KXNCAAFGAME-25SEP27MASSMIZZ,KXNCAAFGAME-25SEP27MASSMIZZ-MIZZ,UMass at Missouri Winner?,Missouri,KXNCAAFGAME,Missouri,UMass,1759015800,MASTER_SCHEDULE
KXNCAAFGAME-25SEP27LSUMISS,KXNCAAFGAME-25SEP27LSUMISS-MISS,LSU at Ole Miss Winner?,Ole Miss,KXNCAAFGAME,Ole Miss,LSU,1759001400,MASTER_SCHEDULE
KXNCAAFGAME-25SEP27LIBODU,KXNCAAFGAME-25SEP27LIBODU-ODU,Liberty at Old Dominion Winner?,Old Dominion,KXNCAAFGAME,Old Dominion,Liberty,1759010400,MASTER_SCHEDULE
KXNCAAFGAME-25SEP27INDIOWA,KXNCAAFGAME-25SEP27INDIOWA-IND,Indiana at Iowa Winner?,Indiana,KXNCAAFGAME,Indiana,Iowa,1759001400,MASTER_SCHEDULE
KXNCAAFGAME-25SEP27GTWAKE,KXNCAAFGAME-25SEP27GTWAKE-WAKE,Georgia Tech at Wake Forest Winner?,Wake Forest,KXNCAAFGAME,Georgia Tech,Wake Forest,1758988800,MASTER_SCHEDULE
KXNCAAFGAME-25SEP27GASOJMU,KXNCAAFGAME-25SEP27GASOJMU-JMU,Georgia Southern at James Madison Winner?,James Madison,KXNCAAFGAME,James Madison,Georgia Southern,1758994200,MASTER_SCHEDULE
KXNCAAFGAME-25SEP27EMUCMU,KXNCAAFGAME-25SEP27EMUCMU-EMU,Eastern Michigan at Central Michigan Winner?,Eastern Michigan,KXNCAAFGAME,Central Michigan,Eastern Michigan,1758992400,MASTER_SCHEDULE
KXNCAAFGAME-25SEP27DUKESYR,KXNCAAFGAME-25SEP27DUKESYR-DUKE,Duke at Syracuse Winner?,Duke,KXNCAAFGAME,Duke,Syracuse,1758988800,MASTER_SCHEDULE
KXNCAAFGAME-25SEP27CONNBUFF,KXNCAAFGAME-25SEP27CONNBUFF-CONN,UConn at Buffalo Winner?,UConn,KXNCAAFGAME,UConn,Buffalo,1759001400,MASTER_SCHEDULE
KXNCAAFGAME-25SEP27CINKU,KXNCAAFGAME-25SEP27CINKU-CIN,Cincinnati at Kansas Winner?,Cincinnati,KXNCAAFGAME,Cincinnati,Kansas,1758988800,MASTER_SCHEDULE
KXNCAAFGAME-25SEP27CALBC,KXNCAAFGAME-25SEP27CALBC-CAL,California at Boston College Winner?,California,KXNCAAFGAME,California,Boston College,1759001400,MASTER_SCHEDULE
KXNCAAFGAME-25SEP27BGSUOHIO,KXNCAAFGAME-25SEP27BGSUOHIO-OHIO,Bowling Green at Ohio Winner?,Ohio,KXNCAAFGAME,Ohio,Bowling Green,1758988800,MASTER_SCHEDULE
KXNCAAFGAME-25SEP27AUBTXAM,KXNCAAFGAME-25SEP27AUBTXAM-TXAM,Auburn at Texas A&M Winner?,Texas A&M,KXNCAAFGAME,Texas A&M,Auburn,1759001400,MASTER_SCHEDULE
KXNCAAFGAME-25SEP27NDARK,KXNCAAFGAME-25SEP27NDARK-ND,Notre Dame at Arkansas Winner?,Notre Dame,KXNCAAFGAME,Notre Dame,Arkansas,1758988800,MASTER_SCHEDULE
KXNCAAFGAME-25SEP25ARMYECU,KXNCAAFGAME-25SEP25ARMYECU-ECU,Army at East Carolina Winner?,East Carolina,KXNCAAFGAME,East Carolina,Army,1758843000,MASTER_SCHEDULE
KXNCAAFGAME-25SEP20WYOCOLO,KXNCAAFGAME-25SEP20WYOCOLO-WYO,Wyoming at Colorado Winner?,Wyoming,KXNCAAFGAME,Colorado,Wyoming,1758420900,MASTER_SCHEDULE
KXNCAAFGAME-25SEP20SHSUTEX,KXNCAAFGAME-25SEP20SHSUTEX-SHSU,Sam Houston at Texas Winner?,Sam Houston,KXNCAAFGAME,Texas,Sam Houston,1758412800,MASTER_SCHEDULE
KXNCAAFGAME-25SEP20USMLT,KXNCAAFGAME-25SEP20USMLT-USM,Southern Miss at Louisiana Tech Winner?,Southern Miss,KXNCAAFGAME,Louisiana Tech,Southern Miss,1758411000,MASTER_SCHEDULE
KXNCAAFGAME-25SEP20STANUVA,KXNCAAFGAME-25SEP20STANUVA-UVA,Stanford at Virginia Winner?,Virginia,KXNCAAFGAME,Virginia,Stanford,1758411000,MASTER_SCHEDULE
KXNCAAFGAME-25SEP20ILLIND,KXNCAAFGAME-25SEP20ILLIND-IND,Illinois at Indiana Winner?,Indiana,KXNCAAFGAME,Indiana,Illinois,1758411000,MASTER_SCHEDULE
KXNCAAFGAME-25SEP20BYUECU,KXNCAAFGAME-25SEP20BYUECU-ECU,BYU at East Carolina Winner?,East Carolina,KXNCAAFGAME,BYU,East Carolina,1758411000,MASTER_SCHEDULE
KXNCAAFGAME-25SEP20MRSHMTU,KXNCAAFGAME-25SEP20MRSHMTU-MTU,Marshall at Middle Tennessee Winner?,Middle Tennessee,KXNCAAFGAME,Marshall,Middle Tennessee,1758409200,MASTER_SCHEDULE
KXNCAAFGAME-25SEP20MEGASO,KXNCAAFGAME-25SEP20MEGASO-ME,Maine at Georgia Southern Winner?,Maine,KXNCAAFGAME,Georgia Southern,Maine,1758409200,MASTER_SCHEDULE
KXNCAAFGAME-25SEP20CCARUSA,KXNCAAFGAME-25SEP20CCARUSA-CCAR,Coastal Carolina at South Alabama Winner?,Coastal Carolina,KXNCAAFGAME,Coastal Carolina,South Alabama,1758409200,MASTER_SCHEDULE
KXNCAAFGAME-25SEP20WVUKU,KXNCAAFGAME-25SEP20WVUKU-WVU,West Virginia at Kansas Winner?,West Virginia,KXNCAAFGAME,Kansas,West Virginia,1758405600,MASTER_SCHEDULE
KXNCAAFGAME-25SEP20DUQAKR,KXNCAAFGAME-25SEP20DUQAKR-DUQ,Duquesne at Akron Winner?,Duquesne,KXNCAAFGAME,Akron,Duquesne,1758405600,MASTER_SCHEDULE
KXNCAAFGAME-25SEP20TEMGT,KXNCAAFGAME-25SEP20TEMGT-TEM,Temple at Georgia Tech Winner?,Temple,KXNCAAFGAME,Georgia Tech,Temple,1758400200,MASTER_SCHEDULE
KXNCAAFGAME-25SEP20WEBBOHIO,KXNCAAFGAME-25SEP20WEBBOHIO-WEBB,Gardner-Webb at Ohio Winner?,Gardner-Webb,KXNCAAFGAME,Ohio,Gardner-Webb,1758396600,MASTER_SCHEDULE
KXNCAAFGAME-25SEP20UNCUCF,KXNCAAFGAME-25SEP20UNCUCF-UNC,North Carolina at UCF Winner?,North Carolina,KXNCAAFGAME,UCF,North Carolina,1758396600,MASTER_SCHEDULE
KXNCAAFGAME-25SEP20ULLEMU,KXNCAAFGAME-25SEP20ULLEMU-ULL,Louisiana at Eastern Michigan Winner?,Louisiana,KXNCAAFGAME,Eastern Michigan,Louisiana,1758396600,MASTER_SCHEDULE
KXNCAAFGAME-25SEP20TULNMISS,KXNCAAFGAME-25SEP20TULNMISS-TULN,Tulane at Ole Miss Winner?,Tulane,KXNCAAFGAME,Ole Miss,Tulane,1758396600,MASTER_SCHEDULE
KXNCAAFGAME-25SEP20TROYBUFF,KXNCAAFGAME-25SEP20TROYBUFF-TROY,Troy at Buffalo Winner?,Troy,KXNCAAFGAME,Troy,Buffalo,1758396600,MASTER_SCHEDULE
KXNCAAFGAME-25SEP20TOLWMU,KXNCAAFGAME-25SEP20TOLWMU-WMU,Toledo at Western Michigan Winner?,Western Michigan,KXNCAAFGAME,Western Michigan,Toledo,1758396600,MASTER_SCHEDULE
KXNCAAFGAME-25SEP20PURND,KXNCAAFGAME-25SEP20PURND-PUR,Purdue at Notre Dame Winner?,Purdue,KXNCAAFGAME,Notre Dame,Purdue,1758396600,MASTER_SCHEDULE
KXNCAAFGAME-25SEP20MICHNEB,KXNCAAFGAME-25SEP20MICHNEB-NEB,Michigan at Nebraska Winner?,Nebraska,KXNCAAFGAME,Michigan,Nebraska,1758396600,MASTER_SCHEDULE
KXNCAAFGAME-25SEP20JMULIB,KXNCAAFGAME-25SEP20JMULIB-LIB,James Madison at Liberty Winner?,Liberty,KXNCAAFGAME,James Madison,Liberty,1758396600,MASTER_SCHEDULE
KXNCAAFGAME-25SEP20AUBOKLA,KXNCAAFGAME-25SEP20AUBOKLA-OKLA,Auburn at Oklahoma Winner?,Oklahoma,KXNCAAFGAME,Oklahoma,Auburn,1758396600,MASTER_SCHEDULE
KXNCAAFGAME-25SEP20WAGCMU,KXNCAAFGAME-25SEP20WAGCMU-WAG,Wagner at Central Michigan Winner?,Wagner,KXNCAAFGAME,Central Michigan,Wagner,1758387600,MASTER_SCHEDULE
KXNCAAFGAME-25SEP20SCARMIZZ,KXNCAAFGAME-25SEP20SCARMIZZ-SCAR,South Carolina at Missouri Winner?,South Carolina,KXNCAAFGAME,Missouri,South Carolina,1758409200,MASTER_SCHEDULE
KXNCAAFGAME-25SEP20FLAMIA,KXNCAAFGAME-25SEP20FLAMIA-FLA,Florida at Miami (FL) Winner?,Florida,KXNCAAFGAME,Miami,Florida,1758411000,MASTER_SCHEDULE
KXNCAAFGAME-25SEP20UABTENN,KXNCAAFGAME-25SEP20UABTENN-UAB,UAB at Tennessee Winner?,UAB,KXNCAAFGAME,Tennessee,UAB,1758386700,MASTER_SCHEDULE
KXNCAAFGAME-25SEP20WOFVT,KXNCAAFGAME-25SEP20WOFVT-WOF,Wofford at Virginia Tech Winner?,Wofford,KXNCAAFGAME,Virginia Tech,Wofford,1758384000,MASTER_SCHEDULE
KXNCAAFGAME-25SEP20UNTARMY,KXNCAAFGAME-25SEP20UNTARMY-UNT,North Texas at Army Winner?,North Texas,KXNCAAFGAME,North Texas,Army,1758384000,MASTER_SCHEDULE
KXNCAAFGAME-25SEP20TTUUTAH,KXNCAAFGAME-25SEP20TTUUTAH-UTAH,Texas Tech at Utah Winner?,Utah,KXNCAAFGAME,Texas Tech,Utah,1758384000,MASTER_SCHEDULE
KXNCAAFGAME-25SEP20SYRCLEM,KXNCAAFGAME-25SEP20SYRCLEM-SYR,Syracuse at Clemson Winner?,Syracuse,KXNCAAFGAME,Syracuse,Clemson,1758384000,MASTER_SCHEDULE
KXNCAAFGAME-25SEP20SMUTCU,KXNCAAFGAME-25SEP20SMUTCU-TCU,SMU at TCU Winner?,TCU,KXNCAAFGAME,TCU,SMU,1758384000,MASTER_SCHEDULE
KXNCAAFGAME-25SEP20MDWIS,KXNCAAFGAME-25SEP20MDWIS-WIS,Maryland at Wisconsin Winner?,Wisconsin,KXNCAAFGAME,Maryland,Wisconsin,1758384000,MASTER_SCHEDULE
KXNCAAFGAME-25SEP20BGSULOU,KXNCAAFGAME-25SEP20BGSULOU-BGSU,Bowling Green at Louisville Winner?,Bowling Green,KXNCAAFGAME,Louisville,Bowling Green,1758384000,MASTER_SCHEDULE
KXNCAAFGAME-25SEP20ARKMEM,KXNCAAFGAME-25SEP20ARKMEM-MEM,Arkansas at Memphis Winner?,Memphis,KXNCAAFGAME,Memphis,Arkansas,1758384000,MASTER_SCHEDULE
KXNCAAFGAME-25SEP19IOWARUTG,KXNCAAFGAME-25SEP19IOWARUTG-RUTG,Iowa at Rutgers Winner?,Rutgers,KXNCAAFGAME,Iowa,Rutgers,1758326400,MASTER_SCHEDULE
KXNCAAFGAME-25SEP18RICECHAR,KXNCAAFGAME-25SEP18RICECHAR-RICE,Rice at Charlotte Winner?,Rice,KXNCAAFGAME,Rice,Charlotte,1758238200,MASTER_SCHEDULE
KXNCAAFGAME-25SEP13MINNCAL,KXNCAAFGAME-25SEP13MINNCAL-MINN,Minnesota at California Winner?,Minnesota,KXNCAAFGAME,California,Minnesota,1757817000,MASTER_SCHEDULE
KXNCAAFGAME-25SEP13BCSTAN,KXNCAAFGAME-25SEP13BCSTAN-STAN,Boston College at Stanford Winner?,Stanford,KXNCAAFGAME,Stanford,Boston College,1757817000,MASTER_SCHEDULE
KXNCAAFGAME-25SEP13AKRUAB,KXNCAAFGAME-25SEP13AKRUAB-AKR,Akron at UAB Winner?,Akron,KXNCAAFGAME,UAB,Akron,1757809800,MASTER_SCHEDULE
KXNCAAFGAME-25SEP13UTAHWYO,KXNCAAFGAME-25SEP13UTAHWYO-WYO,Utah at Wyoming Winner?,Wyoming,KXNCAAFGAME,Utah,Wyoming,1757808000,MASTER_SCHEDULE
KXNCAAFGAME-25SEP13NAVYTLSA,KXNCAAFGAME-25SEP13NAVYTLSA-TLSA,Navy at Tulsa Winner?,Tulsa,KXNCAAFGAME,Navy,Tulsa,1757808000,MASTER_SCHEDULE
KXNCAAFGAME-25SEP13DUKETULN,KXNCAAFGAME-25SEP13DUKETULN-TULN,Duke at Tulane Winner?,Tulane,KXNCAAFGAME,Tulane,Duke,1757808000,MASTER_SCHEDULE
KXNCAAFGAME-25SEP13ACTCU,KXNCAAFGAME-25SEP13ACTCU-TCU,Abilene Christian at TCU Winner?,TCU,KXNCAAFGAME,TCU,Abilene Christian,1757808000,MASTER_SCHEDULE
KXNCAAFGAME-25SEP13TXAMND,KXNCAAFGAME-25SEP13TXAMND-TXAM,Texas A&M at Notre Dame Winner?,Texas A&M,KXNCAAFGAME,Texas A&M,Notre Dame,1757806200,MASTER_SCHEDULE
KXNCAAFGAME-25SEP13MASSIOWA,KXNCAAFGAME-25SEP13MASSIOWA-MASS,UMass at Iowa Winner?,UMass,KXNCAAFGAME,Iowa,UMass,1757806200,MASTER_SCHEDULE
KXNCAAFGAME-25SEP13FLALSU,KXNCAAFGAME-25SEP13FLALSU-LSU,Florida at LSU Winner?,LSU,KXNCAAFGAME,LSU,Florida,1757806200,MASTER_SCHEDULE
KXNCAAFGAME-25SEP13EMUUK,KXNCAAFGAME-25SEP13EMUUK-UK,Eastern Michigan at Kentucky Winner?,Kentucky,KXNCAAFGAME,Kentucky,Eastern Michigan,1757806200,MASTER_SCHEDULE
KXNCAAFGAME-25SEP13ECUCCAR,KXNCAAFGAME-25SEP13ECUCCAR-ECU,East Carolina at Coastal Carolina Winner?,East Carolina,KXNCAAFGAME,East Carolina,Coastal Carolina,1757806200,MASTER_SCHEDULE
KXNCAAFGAME-25SEP13WMUILL,KXNCAAFGAME-25SEP13WMUILL-WMU,Western Michigan at Illinois Winner?,Western Michigan,KXNCAAFGAME,Illinois,Western Michigan,1757804400,MASTER_SCHEDULE
KXNCAAFGAME-25SEP13PVRICE,KXNCAAFGAME-25SEP13PVRICE-PV,Prairie View A&M at Rice Winner?,Prairie View A&M,KXNCAAFGAME,Rice,Prairie View A&M,1757804400,MASTER_SCHEDULE
KXNCAAFGAME-25SEP13ODUVT,KXNCAAFGAME-25SEP13ODUVT-VT,Old Dominion at Virginia Tech Winner?,Virginia Tech,KXNCAAFGAME,Old Dominion,Virginia Tech,1757804400,MASTER_SCHEDULE
KXNCAAFGAME-25SEP13MONMCHAR,KXNCAAFGAME-25SEP13MONMCHAR-MONM,Monmouth at Charlotte Winner?,Monmouth,KXNCAAFGAME,Charlotte,Monmouth,1757800800,MASTER_SCHEDULE
KXNCAAFGAME-25SEP13EKYMRSH,KXNCAAFGAME-25SEP13EKYMRSH-MRSH,Eastern Kentucky at Marshall Winner?,Marshall,KXNCAAFGAME,Marshall,Eastern Kentucky,1757800800,MASTER_SCHEDULE
KXNCAAFGAME-25SEP13MTUNEV,KXNCAAFGAME-25SEP13MTUNEV-NEV,Middle Tennessee at Nevada Winner?,Nevada,KXNCAAFGAME,Middle Tennessee,Nevada,1757797200,MASTER_SCHEDULE
KXNCAAFGAME-25SEP13LIBBGSU,KXNCAAFGAME-25SEP13LIBBGSU-LIB,Liberty at Bowling Green Winner?,Liberty,KXNCAAFGAME,Bowling Green,Liberty,1757797200,MASTER_SCHEDULE
KXNCAAFGAME-25SEP13UTEPTEX,KXNCAAFGAME-25SEP13UTEPTEX-UTEP,UTEP at Texas Winner?,UTEP,KXNCAAFGAME,Texas,UTEP,1757794500,MASTER_SCHEDULE
KXNCAAFGAME-25SEP13ULLMIZZ,KXNCAAFGAME-25SEP13ULLMIZZ-ULL,Louisiana at Missouri Winner?,Louisiana,KXNCAAFGAME,Missouri,Louisiana,1757782800,MASTER_SCHEDULE
KXNCAAFGAME-25SEP13USCPUR,KXNCAAFGAME-25SEP13USCPUR-USC,USC at Purdue Winner?,USC,KXNCAAFGAME,Southern California,Purdue,1757791800,MASTER_SCHEDULE
KXNCAAFGAME-25SEP13UGATENN,KXNCAAFGAME-25SEP13UGATENN-UGA,Georgia at Tennessee Winner?,Georgia,KXNCAAFGAME,Georgia,Tennessee,1757791800,MASTER_SCHEDULE
KXNCAAFGAME-25SEP13RICHUNC,KXNCAAFGAME-25SEP13RICHUNC-RICH,Richmond at North Carolina Winner?,Richmond,KXNCAAFGAME,North Carolina,Richmond,1757791800,MASTER_SCHEDULE
KXNCAAFGAME-25SEP13CONNDEL,KXNCAAFGAME-25SEP13CONNDEL-DEL,UConn at Delaware Winner?,Delaware,KXNCAAFGAME,Delaware,UConn,1757790000,MASTER_SCHEDULE
KXNCAAFGAME-25SEP13VANSCAR,KXNCAAFGAME-25SEP13VANSCAR-VAN,Vanderbilt at South Carolina Winner?,Vanderbilt,KXNCAAFGAME,Vanderbilt,South Carolina,1757807100,MASTER_SCHEDULE
KXNCAAFGAME-25SEP13ARKMISS,KXNCAAFGAME-25SEP13ARKMISS-MISS,Arkansas at Ole Miss Winner?,Ole Miss,KXNCAAFGAME,Ole Miss,Arkansas,1757804400,MASTER_SCHEDULE
KXNCAAFGAME-25SEP13USAAUB,KXNCAAFGAME-25SEP13USAAUB-USA,South Alabama at Auburn Winner?,South Alabama,KXNCAAFGAME,Auburn,South Alabama,1757781900,MASTER_SCHEDULE
KXNCAAFGAME-25SEP13WMUVA,KXNCAAFGAME-25SEP13WMUVA-WM,William & Mary at Virginia Winner?,William & Mary,KXNCAAFGAME,Virginia,William & Mary,1757779200,MASTER_SCHEDULE
KXNCAAFGAME-25SEP13WISALA,KXNCAAFGAME-25SEP13WISALA-WIS,Wisconsin at Alabama Winner?,Wisconsin,KXNCAAFGAME,Alabama,Wisconsin,1757779200,MASTER_SCHEDULE
KXNCAAFGAME-25SEP13TOWSMD,KXNCAAFGAME-25SEP13TOWSMD-TOWS,Towson at Maryland Winner?,Towson,KXNCAAFGAME,Maryland,Towson,1757779200,MASTER_SCHEDULE
KXNCAAFGAME-25SEP13SAMBAY,KXNCAAFGAME-25SEP13SAMBAY-SAM,Samford at Baylor Winner?,Samford,KXNCAAFGAME,Baylor,Samford,1757779200,MASTER_SCHEDULE
KXNCAAFGAME-25SEP13ORENW,KXNCAAFGAME-25SEP13ORENW-ORE,Oregon at Northwestern Winner?,Oregon,KXNCAAFGAME,Oregon,Northwestern,1757779200,MASTER_SCHEDULE
KXNCAAFGAME-25SEP13OKLATEM,KXNCAAFGAME-25SEP13OKLATEM-TEM,Oklahoma at Temple Winner?,Temple,KXNCAAFGAME,Oklahoma,Temple,1757779200,MASTER_SCHEDULE
KXNCAAFGAME-25SEP13MEMTROY,KXNCAAFGAME-25SEP13MEMTROY-TROY,Memphis at Troy Winner?,Troy,KXNCAAFGAME,Memphis,Troy,1757779200,MASTER_SCHEDULE
KXNCAAFGAME-25SEP13CMUMICH,KXNCAAFGAME-25SEP13CMUMICH-CMU,Central Michigan at Michigan Winner?,Central Michigan,KXNCAAFGAME,Michigan,Central Michigan,1757779200,MASTER_SCHEDULE
KXNCAAFGAME-25SEP13CLEMGT,KXNCAAFGAME-25SEP13CLEMGT-GT,Clemson at Georgia Tech Winner?,Georgia Tech,KXNCAAFGAME,Georgia Tech,Clemson,1757779200,MASTER_SCHEDULE
KXNCAAFGAME-25SEP12UNMUCLA,KXNCAAFGAME-25SEP12UNMUCLA-UNM,New Mexico at UCLA Winner?,New Mexico,KXNCAAFGAME,New Mexico,UCLA,1757728800,MASTER_SCHEDULE
KXNCAAFGAME-25SEP12COLOHOU,KXNCAAFGAME-25SEP12COLOHOU-HOU,Colorado at Houston Winner?,Houston,KXNCAAFGAME,Houston,Colorado,1757719800,MASTER_SCHEDULE
KXNCAAFGAME-25SEP12COLGSYR,KXNCAAFGAME-25SEP12COLGSYR-SYR,Colgate at Syracuse Winner?,Syracuse,KXNCAAFGAME,Syracuse,Colgate,1757718000,MASTER_SCHEDULE
KXNCAAFGAME-25SEP06LTLSU,KXNCAAFGAME-25SEP06LTLSU-LT,Louisiana Tech at LSU Winner?,Louisiana Tech,KXNCAAFGAME,LSU,Louisiana Tech,1757201400,MASTER_SCHEDULE
KXNCAAFGAME-25OCT25CSUWYO,KXNCAAFGAME-25OCT25CSUWYO-WYO,Colorado St. at Wyoming Winner?,Wyoming,KXNCAAFGAME,Colorado State,Wyoming,1761435000,CFBD_API
KXNCAAFGAME-25OCT25ULLTROY,KXNCAAFGAME-25OCT25ULLTROY-ULL,Louisiana at Troy Winner?,Louisiana,KXNCAAFGAME,Louisiana,Troy,1761433200,CFBD_API
KXNCAAFGAME-25OCT25GASOARST,KXNCAAFGAME-25OCT25GASOARST-GASO,Georgia Southern at Arkansas St. Winner?,Georgia Southern,KXNCAAFGAME,Georgia Southern,Arkansas State,1761433200,CFBD_API
KXNCAAFGAME-25OCT25TOLWSU,KXNCAAFGAME-25OCT25TOLWSU-WSU,Toledo at Washington St. Winner?,Washington St.,KXNCAAFGAME,Toledo,Washington State,1761420600,CFBD_API
KXNCAAFGAME-25OCT25FAUNAVY,KXNCAAFGAME-25OCT25FAUNAVY-NAVY,Florida Atlantic at Navy Winner?,Navy,KXNCAAFGAME,Florida Atlantic,Navy,1761420600,CFBD_API
KXNCAAFGAME-25OCT25USUUNM,KXNCAAFGAME-25OCT25USUUNM-USU,Utah St. at New Mexico Winner?,Utah St.,KXNCAAFGAME,Utah State,New Mexico,1761418800,CFBD_API
KXNCAAFGAME-25OCT24BSUNEV,KXNCAAFGAME-25OCT24BSUNEV-NEV,Boise St. at Nevada Winner?,Nevada,KXNCAAFGAME,Boise State,Nevada,1761357600,CFBD_API
KXNCAAFGAME-25OCT24CALVT,KXNCAAFGAME-25OCT24CALVT-VT,California at Virginia Tech Winner?,Virginia Tech,KXNCAAFGAME,California,Virginia Tech,1761348600,CFBD_API
KXNCAAFGAME-25OCT24UNTCHAR,KXNCAAFGAME-25OCT24UNTCHAR-UNT,North Texas at Charlotte Winner?,North Texas,KXNCAAFGAME,North Texas,Charlotte,1761346800,CFBD_API
KXNCAAFGAME-25OCT23USAGAST,KXNCAAFGAME-25OCT23USAGAST-USA,South Alabama at Georgia St. Winner?,South Alabama,KXNCAAFGAME,South Alabama,Georgia State,1761262200,CFBD_API
KXNCAAFGAME-25OCT22MOSUNMSU,KXNCAAFGAME-25OCT22MOSUNMSU-NMSU,Missouri St. at New Mexico St. Winner?,New Mexico St.,KXNCAAFGAME,Missouri State,New Mexico State,1761181200,CFBD_API
KXNCAAFGAME-25OCT22MTUDEL,KXNCAAFGAME-25OCT22MTUDEL-MTU,Middle Tennessee at Delaware Winner?,Middle Tennessee,KXNCAAFGAME,Middle Tennessee,Delaware,1761175800,CFBD_API
KXNCAAFGAME-25OCT21WKULT,KXNCAAFGAME-25OCT21WKULT-WKU,Western Kentucky at Louisiana Tech Winner?,Western Kentucky,KXNCAAFGAME,Western Kentucky,Louisiana Tech,1761089400,CFBD_API
KXNCAAFGAME-25OCT21KENNFIU,KXNCAAFGAME-25OCT21KENNFIU-KENN,Kennesaw St. at Florida International Winner?,Kennesaw St.,KXNCAAFGAME,Kennesaw State,Florida International,1761087600,CFBD_API
KXNCAAFGAME-25OCT18FSUSTAN,KXNCAAFGAME-25OCT18FSUSTAN-STAN,Florida St. at Stanford Winner?,Stanford,KXNCAAFGAME,Florida State,Stanford,1760841000,CFBD_API
KXNCAAFGAME-25OCT18LAFORST,KXNCAAFGAME-25OCT18LAFORST-ORST,Lafayette at Oregon St. Winner?,Oregon St.,KXNCAAFGAME,Lafayette,Oregon State,1760839200,CFBD_API
KXNCAAFGAME-25OCT18NEVUNM,KXNCAAFGAME-25OCT18NEVUNM-UNM,Nevada at New Mexico Winner?,New Mexico,KXNCAAFGAME,Nevada,New Mexico,1760838300,CFBD_API
KXNCAAFGAME-25OCT18UTAHBYU,KXNCAAFGAME-25OCT18UTAHBYU-UTAH,Utah at BYU Winner?,Utah,KXNCAAFGAME,Utah,BYU,1760832000,CFBD_API
KXNCAAFGAME-25OCT18CINOKST,KXNCAAFGAME-25OCT18CINOKST-OKST,Cincinnati at Oklahoma St. Winner?,Oklahoma St.,KXNCAAFGAME,Cincinnati,Oklahoma State,1760832000,CFBD_API
KXNCAAFGAME-25OCT18MIZZAUB,KXNCAAFGAME-25OCT18MIZZAUB-MIZZ,Missouri at Auburn Winner?,Missouri,KXNCAAFGAME,Missouri,Auburn,1760831100,CFBD_API
KXNCAAFGAME-25OCT18USCND,KXNCAAFGAME-25OCT18USCND-USC,USC at Notre Dame Winner?,USC,KXNCAAFGAME,USC,Notre Dame,1760830200,CFBD_API
KXNCAAFGAME-25OCT18TENNALA,KXNCAAFGAME-25OCT18TENNALA-TENN,Tennessee at Alabama Winner?,Tennessee,KXNCAAFGAME,Tennessee,Alabama,1760830200,CFBD_API
KXNCAAFGAME-25OCT18PITTSYR,KXNCAAFGAME-25OCT18PITTSYR-SYR,Pittsburgh at Syracuse Winner?,Syracuse,KXNCAAFGAME,Pittsburgh,Syracuse,1760830200,CFBD_API
KXNCAAFGAME-25OCT18FAUUSF,KXNCAAFGAME-25OCT18FAUUSF-USF,Florida Atlantic at South Florida Winner?,South Florida,KXNCAAFGAME,Florida Atlantic,South Florida,1760830200,CFBD_API
KXNCAAFGAME-25OCT18TEXUK,KXNCAAFGAME-25OCT18TEXUK-UK,Texas at Kentucky Winner?,Kentucky,KXNCAAFGAME,Texas,Kentucky,1760828400,CFBD_API
KXNCAAFGAME-25OCT18PSUIOWA,KXNCAAFGAME-25OCT18PSUIOWA-PSU,Penn St. at Iowa Winner?,Penn St.,KXNCAAFGAME,Penn State,Iowa,1760828400,CFBD_API
KXNCAAFGAME-25OCT18MDUCLA,KXNCAAFGAME-25OCT18MDUCLA-UCLA,Maryland at UCLA Winner?,UCLA,KXNCAAFGAME,Maryland,UCLA,1760828400,CFBD_API
KXNCAAFGAME-25OCT18HAWCSU,KXNCAAFGAME-25OCT18HAWCSU-HAW,Hawai'i at Colorado St. Winner?,Hawai'i,KXNCAAFGAME,Hawai'i,Colorado State,1760828400,CFBD_API
KXNCAAFGAME-25OCT18GASTGASO,KXNCAAFGAME-25OCT18GASTGASO-GAST,Georgia St. at Georgia Southern Winner?,Georgia St.,KXNCAAFGAME,Georgia State,Georgia Southern,1760828400,CFBD_API
KXNCAAFGAME-25OCT18WSUUVA,KXNCAAFGAME-25OCT18WSUUVA-WSU,Washington St. at Virginia Winner?,Washington St.,KXNCAAFGAME,Washington State,Virginia,1760826600,CFBD_API
KXNCAAFGAME-25OCT18ORERUTG,KXNCAAFGAME-25OCT18ORERUTG-RUTG,Oregon at Rutgers Winner?,Rutgers,KXNCAAFGAME,Oregon,Rutgers,1760826600,CFBD_API
KXNCAAFGAME-25OCT18USMULL,KXNCAAFGAME-25OCT18USMULL-USM,Southern Miss at Louisiana Winner?,Southern Miss,KXNCAAFGAME,Southern Miss,Louisiana,1760821200,CFBD_API
KXNCAAFGAME-25OCT18MSSTFLA,KXNCAAFGAME-25OCT18MSSTFLA-MSST,Mississippi St. at Florida Winner?,Mississippi St.,KXNCAAFGAME,Mississippi State,Florida,1760818500,CFBD_API
KXNCAAFGAME-25OCT18TTUASU,KXNCAAFGAME-25OCT18TTUASU-TTU,Texas Tech at Arizona St. Winner?,Texas Tech,KXNCAAFGAME,Texas Tech,Arizona State,1760817600,CFBD_API
KXNCAAFGAME-25OCT18MEMUAB,KXNCAAFGAME-25OCT18MEMUAB-UAB,Memphis at UAB Winner?,UAB,KXNCAAFGAME,Memphis,UAB,1760817600,CFBD_API
KXNCAAFGAME-25OCT18WYOAFA,KXNCAAFGAME-25OCT18WYOAFA-WYO,Wyoming at Air Force Winner?,Wyoming,KXNCAAFGAME,Wyoming,Air Force,1760815800,CFBD_API
KXNCAAFGAME-25OCT18UTSAUNT,KXNCAAFGAME-25OCT18UTSAUNT-UTSA,UTSA at North Texas Winner?,UTSA,KXNCAAFGAME,UTSA,North Texas,1760815800,CFBD_API
KXNCAAFGAME-25OCT18UNLVBSU,KXNCAAFGAME-25OCT18UNLVBSU-UNLV,UNLV at Boise St. Winner?,UNLV,KXNCAAFGAME,UNLV,Boise State,1760815800,CFBD_API
KXNCAAFGAME-25OCT18TXSTMRSH,KXNCAAFGAME-25OCT18TXSTMRSH-TXST,Texas St. at Marshall Winner?,Texas St.,KXNCAAFGAME,Texas State,Marshall,1760815800,CFBD_API
KXNCAAFGAME-25OCT18TXAMARK,KXNCAAFGAME-25OCT18TXAMARK-TXAM,Texas A&M at Arkansas Winner?,Texas A&M,KXNCAAFGAME,Texas A&M,Arkansas,1760815800,CFBD_API
KXNCAAFGAME-25OCT18TEMCHAR,KXNCAAFGAME-25OCT18TEMCHAR-TEM,Temple at Charlotte Winner?,Temple,KXNCAAFGAME,Temple,Charlotte,1760815800,CFBD_API
KXNCAAFGAME-25OCT18SMUCLEM,KXNCAAFGAME-25OCT18SMUCLEM-SMU,SMU at Clemson Winner?,SMU,KXNCAAFGAME,SMU,Clemson,1760815800,CFBD_API
KXNCAAFGAME-25OCT18OSUWIS,KXNCAAFGAME-25OCT18OSUWIS-WIS,Ohio St. at Wisconsin Winner?,Wisconsin,KXNCAAFGAME,Ohio State,Wisconsin,1760815800,CFBD_API
KXNCAAFGAME-25OCT18ODUJMU,KXNCAAFGAME-25OCT18ODUJMU-ODU,Old Dominion at James Madison Winner?,Old Dominion,KXNCAAFGAME,Old Dominion,James Madison,1760815800,CFBD_API
KXNCAAFGAME-25OCT18NIUOHIO,KXNCAAFGAME-25OCT18NIUOHIO-OHIO,Northern Illinois at Ohio Winner?,Ohio,KXNCAAFGAME,Northern Illinois,Ohio,1760815800,CFBD_API
KXNCAAFGAME-25OCT18MSUIND,KXNCAAFGAME-25OCT18MSUIND-MSU,Michigan St. at Indiana Winner?,Michigan St.,KXNCAAFGAME,Michigan State,Indiana,1760815800,CFBD_API
KXNCAAFGAME-25OCT18MISSUGA,KXNCAAFGAME-25OCT18MISSUGA-UGA,Ole Miss at Georgia Winner?,Georgia,KXNCAAFGAME,Ole Miss,Georgia,1760815800,CFBD_API
KXNCAAFGAME-25OCT18AKRBALL,KXNCAAFGAME-25OCT18AKRBALL-BALL,Akron at Ball St. Winner?,Ball St.,KXNCAAFGAME,Akron,Ball State,1760815800,CFBD_API
KXNCAAFGAME-25OCT18PURNW,KXNCAAFGAME-25OCT18PURNW-PUR,Purdue at Northwestern Winner?,Purdue,KXNCAAFGAME,Purdue,Northwestern,1760814000,CFBD_API
KXNCAAFGAME-25OCT18KENTTOL,KXNCAAFGAME-25OCT18KENTTOL-TOL,Kent St. at Toledo Winner?,Toledo,KXNCAAFGAME,Kent State,Toledo,1760810400,CFBD_API
KXNCAAFGAME-25OCT18WVUUCF,KXNCAAFGAME-25OCT18WVUUCF-WVU,West Virginia at UCF Winner?,West Virginia,KXNCAAFGAME,West Virginia,UCF,1760806800,CFBD_API
KXNCAAFGAME-25OCT18OKLASCAR,KXNCAAFGAME-25OCT18OKLASCAR-SCAR,Oklahoma at South Carolina Winner?,South Carolina,KXNCAAFGAME,Oklahoma,South Carolina,1760805900,CFBD_API
KXNCAAFGAME-25OCT18WASHMICH,KXNCAAFGAME-25OCT18WASHMICH-WASH,Washington at Michigan Winner?,Washington,KXNCAAFGAME,Washington,Michigan,1760803200,CFBD_API
KXNCAAFGAME-25OCT18LSUVAN,KXNCAAFGAME-25OCT18LSUVAN-VAN,LSU at Vanderbilt Winner?,Vanderbilt,KXNCAAFGAME,LSU,Vanderbilt,1760803200,CFBD_API
KXNCAAFGAME-25OCT18GTDUKE,KXNCAAFGAME-25OCT18GTDUKE-GT,Georgia Tech at Duke Winner?,Georgia Tech,KXNCAAFGAME,Georgia Tech,Duke,1760803200,CFBD_API
KXNCAAFGAME-25OCT18CONNBC,KXNCAAFGAME-25OCT18CONNBC-CONN,UConn at Boston College Winner?,UConn,KXNCAAFGAME,UConn,Boston College,1760803200,CFBD_API
KXNCAAFGAME-25OCT18CMUBGSU,KXNCAAFGAME-25OCT18CMUBGSU-CMU,Central Michigan at Bowling Green Winner?,Central Michigan,KXNCAAFGAME,Central Michigan,Bowling Green,1760803200,CFBD_API
KXNCAAFGAME-25OCT18BAYTCU,KXNCAAFGAME-25OCT18BAYTCU-TCU,Baylor at TCU Winner?,TCU,KXNCAAFGAME,Baylor,TCU,1760803200,CFBD_API
KXNCAAFGAME-25OCT18ARMYTULN,KXNCAAFGAME-25OCT18ARMYTULN-TULN,Army at Tulane Winner?,Tulane,KXNCAAFGAME,Army,Tulane,1760803200,CFBD_API
KXNCAAFGAME-25OCT18ARIZHOU,KXNCAAFGAME-25OCT18ARIZHOU-HOU,Arizona at Houston Winner?,Houston,KXNCAAFGAME,Arizona,Houston,1760803200,CFBD_API
KXNCAAFGAME-25OCT17UNCCAL,KXNCAAFGAME-25OCT17UNCCAL-UNC,North Carolina at California Winner?,North Carolina,KXNCAAFGAME,North Carolina,California,1760754600,CFBD_API
KXNCAAFGAME-25OCT17NEBMINN,KXNCAAFGAME-25OCT17NEBMINN-NEB,Nebraska at Minnesota Winner?,Nebraska,KXNCAAFGAME,Nebraska,Minnesota,1760745600,CFBD_API
KXNCAAFGAME-25OCT17LOUMIA,KXNCAAFGAME-25OCT17LOUMIA-MIA,Louisville at Miami (FL) Winner?,Miami (FL),KXNCAAFGAME,Louisville,Miami,1760742000,CFBD_API
KXNCAAFGAME-25OCT16TLSAECU,KXNCAAFGAME-25OCT16TLSAECU-TLSA,Tulsa at East Carolina Winner?,Tulsa,KXNCAAFGAME,Tulsa,East Carolina,1760657400,CFBD_API
KXNCAAFGAME-25OCT15UTEPSHSU,KXNCAAFGAME-25OCT15UTEPSHSU-UTEP,UTEP at Sam Houston Winner?,UTEP,KXNCAAFGAME,UTEP,Sam Houston,1760569200,CFBD_API
KXNCAAFGAME-25OCT15DELJVST,KXNCAAFGAME-25OCT15DELJVST-JVST,Delaware at Jacksonville St. Winner?,Jacksonville St.,KXNCAAFGAME,Delaware,Jacksonville State,1760569200,CFBD_API
KXNCAAFGAME-25OCT14FIUWKU,KXNCAAFGAME-25OCT14FIUWKU-WKU,Florida International at Western Kentucky Winner?,Western Kentucky,KXNCAAFGAME,Florida International,Western Kentucky,1760486400,CFBD_API
KXNCAAFGAME-25OCT14ARSTUSA,KXNCAAFGAME-25OCT14ARSTUSA-USA,Arkansas St. at South Alabama Winner?,South Alabama,KXNCAAFGAME,Arkansas State,South Alabama,1760484600,CFBD_API
KXNCAAFGAME-25OCT14NMSULIB,KXNCAAFGAME-25OCT14NMSULIB-NMSU,New Mexico St. at Liberty Winner?,New Mexico St.,KXNCAAFGAME,New Mexico State,Liberty,1760482800,CFBD_API
KXNCAAFGAME-25OCT12USUHAW,KXNCAAFGAME-25OCT12USUHAW-USU,Utah St. at Hawai'i Winner?,Utah St.,KXNCAAFGAME,Utah State,Hawai'i,1760241540,CFBD_API
KXNCAAFGAME-25OCT11SDSUNEV,KXNCAAFGAME-25OCT11SDSUNEV-SDSU,San Diego St. at Nevada Winner?,San Diego St.,KXNCAAFGAME,San Diego State,Nevada,1760236200,CFBD_API
KXNCAAFGAME-25OCT11ASUUTAH,KXNCAAFGAME-25OCT11ASUUTAH-UTAH,Arizona St. at Utah Winner?,Utah,KXNCAAFGAME,Arizona State,Utah,1760235300,CFBD_API
KXNCAAFGAME-25OCT11UNMBSU,KXNCAAFGAME-25OCT11UNMBSU-UNM,New Mexico at Boise St. Winner?,New Mexico,KXNCAAFGAME,New Mexico,Boise State,1760233500,CFBD_API
KXNCAAFGAME-25OCT11TROYTXST,KXNCAAFGAME-25OCT11TROYTXST-TXST,Troy at Texas St. Winner?,Texas St.,KXNCAAFGAME,Troy,Texas State,1760227200,CFBD_API
KXNCAAFGAME-25OCT11SJSUWYO,KXNCAAFGAME-25OCT11SJSUWYO-WYO,San Jose St. at Wyoming Winner?,Wyoming,KXNCAAFGAME,San José State,Wyoming,1760223600,CFBD_API
KXNCAAFGAME-25OCT11WAKEORST,KXNCAAFGAME-25OCT11WAKEORST-WAKE,Wake Forest at Oregon St. Winner?,Wake Forest,KXNCAAFGAME,Wake Forest,Oregon State,1760211000,CFBD_API
KXNCAAFGAME-25OCT11TCUKSU,KXNCAAFGAME-25OCT11TCUKSU-TCU,TCU at Kansas St. Winner?,TCU,KXNCAAFGAME,TCU,Kansas State,1760211000,CFBD_API
KXNCAAFGAME-25OCT11NWPSU,KXNCAAFGAME-25OCT11NWPSU-PSU,Northwestern at Penn St. Winner?,Penn St.,KXNCAAFGAME,Northwestern,Penn State,1760211000,CFBD_API
KXNCAAFGAME-25OCT11ISUCOLO,KXNCAAFGAME-25OCT11ISUCOLO-ISU,Iowa St. at Colorado Winner?,Iowa St.,KXNCAAFGAME,Iowa State,Colorado,1760211000,CFBD_API
KXNCAAFGAME-25OCT11BALLWMU,KXNCAAFGAME-25OCT11BALLWMU-WMU,Ball St. at Western Michigan Winner?,Western Michigan,KXNCAAFGAME,Ball State,Western Michigan,1760211000,CFBD_API
KXNCAAFGAME-25OCT11NIUEMU,KXNCAAFGAME-25OCT11NIUEMU-NIU,Northern Illinois at Eastern Michigan Winner?,Northern Illinois,KXNCAAFGAME,Northern Illinois,Eastern Michigan,1760202000,CFBD_API
KXNCAAFGAME-25OCT11WSUMISS,KXNCAAFGAME-25OCT11WSUMISS-WSU,Washington St. at Ole Miss Winner?,Washington St.,KXNCAAFGAME,Washington State,Ole Miss,1760201100,CFBD_API
KXNCAAFGAME-25OCT11UCLAMSU,KXNCAAFGAME-25OCT11UCLAMSU-UCLA,UCLA at Michigan St. Winner?,UCLA,KXNCAAFGAME,UCLA,Michigan State,1760198400,CFBD_API
KXNCAAFGAME-25OCT11PITTFSU,KXNCAAFGAME-25OCT11PITTFSU-PITT,Pittsburgh at Florida St. Winner?,Pittsburgh,KXNCAAFGAME,Pittsburgh,Florida State,1760198400,CFBD_API
KXNCAAFGAME-25OCT11OSUILL,KXNCAAFGAME-25OCT11OSUILL-OSU,Ohio St. at Illinois Winner?,Ohio St.,KXNCAAFGAME,Ohio State,Illinois,1760198400,CFBD_API
KXNCAAFGAME-25OCT11HOUOKST,KXNCAAFGAME-25OCT11HOUOKST-OKST,Houston at Oklahoma St. Winner?,Oklahoma St.,KXNCAAFGAME,Houston,Oklahoma State,1760198400,CFBD_API
KXNCAAFGAME-25OCT10USFUNT,KXNCAAFGAME-25OCT10USFUNT-USF,South Florida at North Texas Winner?,South Florida,KXNCAAFGAME,South Florida,North Texas,1760139000,CFBD_API
KXNCAAFGAME-25OCT09JVSTSHSU,KXNCAAFGAME-25OCT09JVSTSHSU-SHSU,Jacksonville St. at Sam Houston Winner?,Sam Houston,KXNCAAFGAME,Jacksonville State,Sam Houston,1760054400,CFBD_API
KXNCAAFGAME-25OCT09LTKENN,KXNCAAFGAME-25OCT09LTKENN-LT,Louisiana Tech at Kennesaw St. Winner?,Louisiana Tech,KXNCAAFGAME,Louisiana Tech,Kennesaw State,1760050800,CFBD_API
KXNCAAFGAME-25OCT08MOSUMTU,KXNCAAFGAME-25OCT08MOSUMTU-MTU,Missouri St. at Middle Tennessee Winner?,Middle Tennessee,KXNCAAFGAME,Missouri State,Middle Tennessee,1759966200,CFBD_API
KXNCAAFGAME-25OCT04NEVFRES,KXNCAAFGAME-25OCT04NEVFRES-NEV,Nevada at Fresno St. Winner?,Nevada,KXNCAAFGAME,Nevada,Fresno State,1759631400,CFBD_API
KXNCAAFGAME-25OCT04MSSTTXAM,KXNCAAFGAME-25OCT04MSSTTXAM-TXAM,Mississippi St. at Texas A&M Winner?,Texas A&M,KXNCAAFGAME,Mississippi State,Texas A&M,1759620600,CFBD_API
KXNCAAFGAME-25OCT04MINNOSU,KXNCAAFGAME-25OCT04MINNOSU-OSU,Minnesota at Ohio St. Winner?,Ohio St.,KXNCAAFGAME,Minnesota,Ohio State,1759620600,CFBD_API
KXNCAAFGAME-25OCT04MIAFSU,KXNCAAFGAME-25OCT04MIAFSU-MIA,Miami (FL) at Florida St. Winner?,Miami (FL),KXNCAAFGAME,Miami,Florida State,1759620600,CFBD_API
KXNCAAFGAME-25OCT04MSUNEB,KXNCAAFGAME-25OCT04MSUNEB-NEB,Michigan St. at Nebraska Winner?,Nebraska,KXNCAAFGAME,Michigan State,Nebraska,1759608000,CFBD_API
KXNCAAFGAME-25OCT04KENTOKLA,KXNCAAFGAME-25OCT04KENTOKLA-OKLA,Kent St. at Oklahoma Winner?,Oklahoma,KXNCAAFGAME,Kent State,Oklahoma,1759608000,CFBD_API
KXNCAAFGAME-25OCT04PSUUCLA,KXNCAAFGAME-25OCT04PSUUCLA-UCLA,Penn St. at UCLA Winner?,UCLA,KXNCAAFGAME,Penn State,UCLA,1759606200,CFBD_API
KXNCAAFGAME-25OCT04JMUGAST,KXNCAAFGAME-25OCT04JMUGAST-JMU,James Madison at Georgia St. Winner?,James Madison,KXNCAAFGAME,James Madison,Georgia State,1759606200,CFBD_API
KXNCAAFGAME-25OCT04FIUCONN,KXNCAAFGAME-25OCT04FIUCONN-FIU,Florida International at UConn Winner?,Florida International,KXNCAAFGAME,Florida International,UConn,1759606200,CFBD_API
KXNCAAFGAME-25OCT04BSUND,KXNCAAFGAME-25OCT04BSUND-ND,Boise St. at Notre Dame Winner?,Notre Dame,KXNCAAFGAME,Boise State,Notre Dame,1759606200,CFBD_API
KXNCAAFGAME-25OCT04OKSTARIZ,KXNCAAFGAME-25OCT04OKSTARIZ-OKST,Oklahoma St. at Arizona Winner?,Oklahoma St.,KXNCAAFGAME,Oklahoma State,Arizona,1759604400,CFBD_API
KXNCAAFGAME-25OCT04CAMPNCST,KXNCAAFGAME-25OCT04CAMPNCST-NCST,Campbell at North Carolina St. Winner?,North Carolina St.,KXNCAAFGAME,Campbell,North Carolina A&T,1761411600,CFBD_API
KXNCAAFGAME-25OCT04OHIOBALL,KXNCAAFGAME-25OCT04OHIOBALL-OHIO,Ohio at Ball St. Winner?,Ohio,KXNCAAFGAME,Ohio,Ball State,1759593600,CFBD_API
KXNCAAFGAME-25OCT04KSUBAY,KXNCAAFGAME-25OCT04KSUBAY-KSU,Kansas St. at Baylor Winner?,Kansas St.,KXNCAAFGAME,Kansas State,Baylor,1759593600,CFBD_API
KXNCAAFGAME-25OCT04ISUCIN,KXNCAAFGAME-25OCT04ISUCIN-ISU,Iowa St. at Cincinnati Winner?,Iowa St.,KXNCAAFGAME,Iowa State,Cincinnati,1759593600,CFBD_API
KXNCAAFGAME-25OCT04BCPITT,KXNCAAFGAME-25OCT04BCPITT-PITT,Boston College at Pittsburgh Winner?,Pittsburgh,KXNCAAFGAME,Boston College,Pittsburgh,1759593600,CFBD_API
KXNCAAFGAME-25OCT03CSUSDSU,KXNCAAFGAME-25OCT03CSUSDSU-SDSU,Colorado St. at San Diego St. Winner?,San Diego St.,KXNCAAFGAME,Colorado State,San Diego State,1759545000,CFBD_API
KXNCAAFGAME-25OCT03UNMSJSU,KXNCAAFGAME-25OCT03UNMSJSU-UNM,New Mexico at San Jose St. Winner?,New Mexico,KXNCAAFGAME,New Mexico,San José State,1759543200,CFBD_API
KXNCAAFGAME-25OCT03WKUDEL,KXNCAAFGAME-25OCT03WKUDEL-WKU,Western Kentucky at Delaware Winner?,Western Kentucky,KXNCAAFGAME,Western Kentucky,Delaware,1759532400,CFBD_API
KXNCAAFGAME-25OCT03CHARUSF,KXNCAAFGAME-25OCT03CHARUSF-USF,Charlotte at South Florida Winner?,South Florida,KXNCAAFGAME,Charlotte,South Florida,1759532400,CFBD_API
KXNCAAFGAME-25OCT02SHSUNMSU,KXNCAAFGAME-25OCT02SHSUNMSU-SHSU,Sam Houston at New Mexico St. Winner?,Sam Houston,KXNCAAFGAME,Sam Houston,New Mexico State,1759453200,CFBD_API
KXNCAAFGAME-25SEP27WSUCSU,KXNCAAFGAME-25SEP27WSUCSU-WSU,Washington St. at Colorado St. Winner?,Washington St.,KXNCAAFGAME,Washington State,Colorado State,1759015800,CFBD_API
KXNCAAFGAME-25SEP27OREPSU,KXNCAAFGAME-25SEP27OREPSU-PSU,Oregon at Penn St. Winner?,Penn St.,KXNCAAFGAME,Oregon,Penn State,1759015800,CFBD_API
KXNCAAFGAME-25SEP27WKUMOSU,KXNCAAFGAME-25SEP27WKUMOSU-WKU,Western Kentucky at Missouri St. Winner?,Western Kentucky,KXNCAAFGAME,Western Kentucky,Missouri State,1759014000,CFBD_API
KXNCAAFGAME-25SEP27MTUKENN,KXNCAAFGAME-25SEP27MTUKENN-MTU,Middle Tennessee at Kennesaw St. Winner?,Middle Tennessee,KXNCAAFGAME,Middle Tennessee,Kennesaw State,1759010400,CFBD_API
KXNCAAFGAME-25SEP27NMSUUNM,KXNCAAFGAME-25SEP27NMSUUNM-UNM,New Mexico St. at New Mexico Winner?,New Mexico,KXNCAAFGAME,New Mexico State,New Mexico,1759003200,CFBD_API
KXNCAAFGAME-25SEP27VTNCST,KXNCAAFGAME-25SEP27VTNCST-VT,Virginia Tech at North Carolina St. Winner?,Virginia Tech,KXNCAAFGAME,Virginia Tech,South Carolina,1756666800,CFBD_API
KXNCAAFGAME-25SEP27UCFKSU,KXNCAAFGAME-25SEP27UCFKSU-UCF,UCF at Kansas St. Winner?,UCF,KXNCAAFGAME,UCF,Kansas State,1758988800,CFBD_API
KXNCAAFGAME-25SEP27TENNMSST,KXNCAAFGAME-25SEP27TENNMSST-TENN,Tennessee at Mississippi St. Winner?,Tennessee,KXNCAAFGAME,Tennessee,Mississippi State,1759004100,CFBD_API
KXNCAAFGAME-25SEP27SJSUSTAN,KXNCAAFGAME-25SEP27SJSUSTAN-STAN,San Jose St. at Stanford Winner?,Stanford,KXNCAAFGAME,San José State,Stanford,1759015800,CFBD_API
KXNCAAFGAME-25SEP27SDSUNIU,KXNCAAFGAME-25SEP27SDSUNIU-SDSU,San Diego St. at Northern Illinois Winner?,San Diego St.,KXNCAAFGAME,San Diego State,Northern Illinois,1759001400,CFBD_API
KXNCAAFGAME-25SEP27OSUWASH,KXNCAAFGAME-25SEP27OSUWASH-WASH,Ohio St. at Washington Winner?,Washington,KXNCAAFGAME,Ohio State,Washington,1759001400,CFBD_API
KXNCAAFGAME-25SEP27LOUPITT,KXNCAAFGAME-25SEP27LOUPITT-PITT,Louisville at Pittsburgh Winner?,Pittsburgh,KXNCAAFGAME,Louisville,Pittsburgh,1758988800,CFBD_API
KXNCAAFGAME-25SEP27JVSTUSM,KXNCAAFGAME-25SEP27JVSTUSM-USM,Jacksonville St. at Southern Miss Winner?,Southern Miss,KXNCAAFGAME,Jacksonville State,Southern Miss,1759014000,CFBD_API
KXNCAAFGAME-25SEP27HAWAFA,KXNCAAFGAME-25SEP27HAWAFA-HAW,Hawai'i at Air Force Winner?,Hawai'i,KXNCAAFGAME,Hawai'i,Air Force,1759003200,CFBD_API
KXNCAAFGAME-25SEP27BAYOKST,KXNCAAFGAME-25SEP27BAYOKST-BAY,Baylor at Oklahoma St. Winner?,Baylor,KXNCAAFGAME,Baylor,Oklahoma State,1759001400,CFBD_API
KXNCAAFGAME-25SEP27ARIZISU,KXNCAAFGAME-25SEP27ARIZISU-ISU,Arizona at Iowa St. Winner?,Iowa St.,KXNCAAFGAME,Arizona,Iowa State,1759014000,CFBD_API
KXNCAAFGAME-25SEP27USUVAN,KXNCAAFGAME-25SEP27USUVAN-VAN,Utah St. at Vanderbilt Winner?,Vanderbilt,KXNCAAFGAME,Utah State,Vanderbilt,1758991500,CFBD_API
KXNCAAFGAME-25SEP26HOUORST,KXNCAAFGAME-25SEP26HOUORST-ORST,Houston at Oregon St. Winner?,Oregon St.,KXNCAAFGAME,Houston,Oregon State,1758940200,CFBD_API
KXNCAAFGAME-25SEP26TCUASU,KXNCAAFGAME-25SEP26TCUASU-TCU,TCU at Arizona St. Winner?,TCU,KXNCAAFGAME,TCU,Arizona State,1758934800,CFBD_API
KXNCAAFGAME-25SEP26FSUUVA,KXNCAAFGAME-25SEP26FSUUVA-FSU,Florida St. at Virginia Winner?,Florida St.,KXNCAAFGAME,Florida State,Virginia,1758927600,CFBD_API
KXNCAAFGAME-25SEP21FRESHAW,KXNCAAFGAME-25SEP21FRESHAW-HAW,Fresno St. at Hawai'i Winner?,Hawai'i,KXNCAAFGAME,Fresno State,Hawai'i,1758427140,CFBD_API
KXNCAAFGAME-25SEP20MSUUSC,KXNCAAFGAME-25SEP20MSUUSC-USC,Michigan St. at USC Winner?,USC,KXNCAAFGAME,Michigan State,USC,1758423600,CFBD_API
KXNCAAFGAME-25SEP20CALSDSU,KXNCAAFGAME-25SEP20CALSDSU-SDSU,California at San Diego St. Winner?,San Diego St.,KXNCAAFGAME,California,San Diego State,1758421800,CFBD_API
KXNCAAFGAME-25SEP20UTSACSU,KXNCAAFGAME-25SEP20UTSACSU-UTSA,UTSA at Colorado St. Winner?,UTSA,KXNCAAFGAME,UTSA,Colorado State,1758418200,CFBD_API
KXNCAAFGAME-25SEP20MCNSUSU,KXNCAAFGAME-25SEP20MCNSUSU-USU,McNeese at Utah St. Winner?,Utah St.,KXNCAAFGAME,McNeese,Utah State,1758412800,CFBD_API
KXNCAAFGAME-25SEP20SELALSU,KXNCAAFGAME-25SEP20SELALSU-SELA,Southeastern Louisiana at LSU Winner?,Southeastern Louisiana,KXNCAAFGAME,SE Louisiana,LSU,1758411900,CFBD_API
KXNCAAFGAME-25SEP20WASHWSU,KXNCAAFGAME-25SEP20WASHWSU-WASH,Washington at Washington St. Winner?,Washington,KXNCAAFGAME,Washington,Washington State,1758411000,CFBD_API
KXNCAAFGAME-25SEP20GASTVAN,KXNCAAFGAME-25SEP20GASTVAN-VAN,Georgia St. at Vanderbilt Winner?,Vanderbilt,KXNCAAFGAME,Georgia State,Vanderbilt,1758411000,CFBD_API
KXNCAAFGAME-25SEP20ASUBAY,KXNCAAFGAME-25SEP20ASUBAY-BAY,Arizona St. at Baylor Winner?,Baylor,KXNCAAFGAME,Arizona State,Baylor,1758411000,CFBD_API
KXNCAAFGAME-25SEP20NEVWKU,KXNCAAFGAME-25SEP20NEVWKU-NEV,Nevada at Western Kentucky Winner?,Nevada,KXNCAAFGAME,Nevada,Western Kentucky,1758409200,CFBD_API
KXNCAAFGAME-25SEP20MURRJVST,KXNCAAFGAME-25SEP20MURRJVST-MURR,Murray St. at Jacksonville St. Winner?,Murray St.,KXNCAAFGAME,Murray State,Jacksonville State,1758409200,CFBD_API
KXNCAAFGAME-25SEP20BSUAFA,KXNCAAFGAME-25SEP20BSUAFA-BSU,Boise St. at Air Force Winner?,Boise St.,KXNCAAFGAME,Boise State,Air Force,1758409200,CFBD_API
KXNCAAFGAME-25SEP20DELFIU,KXNCAAFGAME-25SEP20DELFIU-FIU,Delaware at Florida International Winner?,Florida International,KXNCAAFGAME,Delaware,Florida International,1758405600,CFBD_API
KXNCAAFGAME-25SEP20IDHOSJSU,KXNCAAFGAME-25SEP20IDHOSJSU-SJSU,Idaho at San Jose St. Winner?,San Jose St.,KXNCAAFGAME,Idaho,San José State,1758402000,CFBD_API
KXNCAAFGAME-25SEP20NIUMSST,KXNCAAFGAME-25SEP20NIUMSST-NIU,Northern Illinois at Mississippi St. Winner?,Northern Illinois,KXNCAAFGAME,Northern Illinois,Mississippi State,1758399300,CFBD_API
KXNCAAFGAME-25SEP20BALLCONN,KXNCAAFGAME-25SEP20BALLCONN-CONN,Ball St. at UConn Winner?,UConn,KXNCAAFGAME,Ball State,UConn,1758396600,CFBD_API
KXNCAAFGAME-25SEP20ORSTORE,KXNCAAFGAME-25SEP20ORSTORE-ORST,Oregon St. at Oregon Winner?,Oregon St.,KXNCAAFGAME,Oregon State,Oregon,1758394800,CFBD_API
KXNCAAFGAME-25SEP20SCSTUSF,KXNCAAFGAME-25SEP20SCSTUSF-USF,South Carolina St. at South Florida Winner?,South Florida,KXNCAAFGAME,South Carolina State,South Florida,1758384000,CFBD_API
KXNCAAFGAME-25SEP19TLSAOKST,KXNCAAFGAME-25SEP19TLSAOKST-TLSA,Tulsa at Oklahoma St. Winner?,Tulsa,KXNCAAFGAME,Tulsa,Oklahoma State,1758324600,CFBD_API
KXNCAAFGAME-25SEP14PRSTHAW,KXNCAAFGAME-25SEP14PRSTHAW-PRST,Portland St. at Hawai'i Winner?,Portland St.,KXNCAAFGAME,Portland State,Hawai'i,1757822340,CFBD_API
KXNCAAFGAME-25SEP13AFAUSU,KXNCAAFGAME-25SEP13AFAUSU-AFA,Air Force at Utah St. Winner?,Air Force,KXNCAAFGAME,Air Force,Utah State,1757814300,CFBD_API
KXNCAAFGAME-25SEP13NMSULT,KXNCAAFGAME-25SEP13NMSULT-NMSU,New Mexico St. at Louisiana Tech Winner?,New Mexico St.,KXNCAAFGAME,New Mexico State,Louisiana Tech,1757806200,CFBD_API
KXNCAAFGAME-25SEP13OHIOOSU,KXNCAAFGAME-25SEP13OHIOOSU-OSU,Ohio at Ohio St. Winner?,Ohio St.,KXNCAAFGAME,Ohio,Ohio State,1757804400,CFBD_API
KXNCAAFGAME-25SEP13JVSTGASO,KXNCAAFGAME-25SEP13JVSTGASO-JVST,Jacksonville St. at Georgia Southern Winner?,Jacksonville St.,KXNCAAFGAME,Jacksonville State,Georgia Southern,1757804400,CFBD_API
KXNCAAFGAME-25SEP13MRMKKENN,KXNCAAFGAME-25SEP13MRMKKENN-MRMK,Merrimack at Kennesaw St. Winner?,Merrimack,KXNCAAFGAME,Merrimack,Kennesaw State,1757800800,CFBD_API
KXNCAAFGAME-25SEP13FAUFIU,KXNCAAFGAME-25SEP13FAUFIU-FIU,Florida Atlantic at Florida International Winner?,Florida International,KXNCAAFGAME,Florida Atlantic,Florida International,1757800800,CFBD_API
KXNCAAFGAME-25SEP13USFMIA,KXNCAAFGAME-25SEP13USFMIA-USF,South Florida at Miami (FL) Winner?,South Florida,KXNCAAFGAME,South Florida,Miami,1757795400,CFBD_API
KXNCAAFGAME-25SEP13YSUMSU,KXNCAAFGAME-25SEP13YSUMSU-YSU,Youngstown St. at Michigan St. Winner?,Youngstown St.,KXNCAAFGAME,Youngstown State,Michigan State,1757791800,CFBD_API
KXNCAAFGAME-25SEP13WSUUNT,KXNCAAFGAME-25SEP13WSUUNT-WSU,Washington St. at North Texas Winner?,Washington St.,KXNCAAFGAME,Washington State,North Texas,1757791800,CFBD_API
KXNCAAFGAME-25SEP13VILLPSU,KXNCAAFGAME-25SEP13VILLPSU-VILL,Villanova at Penn St. Winner?,Villanova,KXNCAAFGAME,Villanova,Penn State,1757791800,CFBD_API
KXNCAAFGAME-25SEP13SMUMOSU,KXNCAAFGAME-25SEP13SMUMOSU-SMU,SMU at Missouri St. Winner?,SMU,KXNCAAFGAME,SMU,Missouri State,1757791800,CFBD_API
KXNCAAFGAME-25SEP13PITTWVU,KXNCAAFGAME-25SEP13PITTWVU-PITT,Pittsburgh at West Virginia Winner?,Pittsburgh,KXNCAAFGAME,Pittsburgh,West Virginia,1757791800,CFBD_API
KXNCAAFGAME-25SEP13ORSTTTU,KXNCAAFGAME-25SEP13ORSTTTU-TTU,Oregon St. at Texas Tech Winner?,Texas Tech,KXNCAAFGAME,Oregon State,Texas Tech,1757791800,CFBD_API
KXNCAAFGAME-25SEP13NWSTCIN,KXNCAAFGAME-25SEP13NWSTCIN-NWST,Northwestern St. at Cincinnati Winner?,Northwestern St.,KXNCAAFGAME,Northwestern State,Cincinnati,1757791800,CFBD_API
KXNCAAFGAME-25SEP13NORFRUTG,KXNCAAFGAME-25SEP13NORFRUTG-NORF,Norfolk St. at Rutgers Winner?,Norfolk St.,KXNCAAFGAME,Norfolk State,Rutgers,1757791800,CFBD_API
KXNCAAFGAME-25SEP13MORGTOL,KXNCAAFGAME-25SEP13MORGTOL-MORG,Morgan St. at Toledo Winner?,Morgan St.,KXNCAAFGAME,Morgan State,Toledo,1757791800,CFBD_API
KXNCAAFGAME-25SEP13IWUTSA,KXNCAAFGAME-25SEP13IWUTSA-UTSA,Incarnate Word at UTSA Winner?,UTSA,KXNCAAFGAME,Incarnate Word,UTSA,1757791800,CFBD_API
KXNCAAFGAME-25SEP13UNHBALL,KXNCAAFGAME-25SEP13UNHBALL-UNH,New Hampshire at Ball St. Winner?,New Hampshire,KXNCAAFGAME,New Hampshire,Ball State,1757786400,CFBD_API
KXNCAAFGAME-25SEP13HCUNEB,KXNCAAFGAME-25SEP13HCUNEB-NEB,Houston Christian at Nebraska Winner?,Nebraska,KXNCAAFGAME,Houston Christian,Nebraska,1757779200,CFBD_API
KXNCAAFGAME-25SEP13BUFFKENT,KXNCAAFGAME-25SEP13BUFFKENT-BUFF,Buffalo at Kent St. Winner?,Buffalo,KXNCAAFGAME,Buffalo,Kent State,1757779200,CFBD_API
KXNCAAFGAME-25SEP12KSUARIZ,KXNCAAFGAME-25SEP12KSUARIZ-KSU,Kansas St. at Arizona Winner?,Kansas St.,KXNCAAFGAME,Kansas State,Arizona,1757725200,CFBD_API
KXNCAAFGAME-25SEP12INSTIND,KXNCAAFGAME-25SEP12INSTIND-INST,Indiana St. at Indiana Winner?,Indiana St.,KXNCAAFGAME,Indiana State,Indiana,1757716200,CFBD_API
KXNCAAFGAME-25SEP11NCSTWAKE,KXNCAAFGAME-25SEP11NCSTWAKE-NCST,North Carolina St. at Wake Forest Winner?,North Carolina St.,KXNCAAFGAME,North Carolina,Wake Forest,1763182800,CFBD_API
KXNCAAFGAME-25SEP06ASUMSST,KXNCAAFGAME-25SEP06ASUMSST-MSST,Arizona St. at Mississippi St. Winner?,Mississippi St.,KXNCAAFGAME,Arizona State,Mississippi State,1757201400,CFBD_API
KXNCAAFGAME-25OCT17SJSUUSU,KXNCAAFGAME-25OCT17SJSUUSU-USU,San Jose St. at Utah St. Winner?,Utah St.,KXNCAAFGAME,San José State,Utah State,1760749200,MANUAL_ADD
KXNCAAFGAME-25OCT18EMUM,KXNCAAFGAME-25OCT18EMUM-OH,Eastern Michigan at Miami (OH) Winner?,Miami (OH),KXNCAAFGAME,Eastern Michigan,Miami (OH),1760803200,MANUAL_ENTRY
KXNCAAFGAME-25OCT18BUFFMASS,KXNCAAFGAME-25OCT18BUFFMASS-MASS,Buffalo at UMass Winner?,UMass,KXNCAAFGAME,Buffalo,UMass,1760812200,MANUAL_ENTRY
KXNCAAFGAME-25OCT18TROYULM,KXNCAAFGAME-25OCT18TROYULM-ULM,Troy at Louisiana Monroe Winner?,Louisiana Monroe,KXNCAAFGAME,Troy,Louisiana Monroe,1760814000,MANUAL_ENTRY
KXNCAAFGAME-25OCT18CCARAPP,KXNCAAFGAME-25OCT18CCARAPP-APP,Coastal Carolina at Appalachian St Winner?,Appalachian St,KXNCAAFGAME,Coastal Carolina,Appalachian St,1760815800,MANUAL_ENTRY
KXNCAAFGAME-25OCT25APPODU,KXNCAAFGAME-25OCT25APPODU-ODU,Appalachian State at Old Dominion Winner?,Old Dominion,KXNCAAFGAME,Appalachian State,Old Dominion,1761408000,MANUAL_ADD
KXNCAAFGAME-25OCT25BGSUKENT,KXNCAAFGAME-25OCT25BGSUKENT-KENT,Bowling Green at Kent State Winner?,Kent State,KXNCAAFGAME,Bowling Green,Kent State,1761408000,MANUAL_ADD
KXNCAAFGAME-25OCT25KSUKU,KXNCAAFGAME-25OCT25KSUKU-KU,Kansas State at Kansas Winner?,Kansas,KXNCAAFGAME,Kansas State,Kansas,1761408000,MANUAL_ADD
KXNCAAFGAME-25OCT25NWNEB,KXNCAAFGAME-25OCT25NWNEB-NEB,Northwestern at Nebraska Winner?,Nebraska,KXNCAAFGAME,Northwestern,Nebraska,1761408000,MANUAL_ADD
KXNCAAFGAME-25OCT25OHIOEMU,KXNCAAFGAME-25OCT25OHIOEMU-EMU,Ohio at Eastern Michigan Winner?,Eastern Michigan,KXNCAAFGAME,Ohio,Eastern Michigan,1761408000,MANUAL_ADD
KXNCAAFGAME-25OCT25MISSOKLA,KXNCAAFGAME-25OCT25MISSOKLA-OKLA,Ole Miss at Oklahoma Winner?,Oklahoma,KXNCAAFGAME,Ole Miss,Oklahoma,1761408000,MANUAL_ADD
KXNCAAFGAME-25OCT25RUTGPUR,KXNCAAFGAME-25OCT25RUTGPUR-PUR,Rutgers at Purdue Winner?,Purdue,KXNCAAFGAME,Rutgers,Purdue,1761408000,MANUAL_ADD
KXNCAAFGAME-25OCT25SMUWAKE,KXNCAAFGAME-25OCT25SMUWAKE-WAKE,SMU at Wake Forest Winner?,Wake Forest,KXNCAAFGAME,SMU,Wake Forest,1761408000,MANUAL_ADD
KXNCAAFGAME-25OCT25USFMEM,KXNCAAFGAME-25OCT25USFMEM-MEM,South Florida at Memphis Winner?,Memphis,KXNCAAFGAME,South Florida,Memphis,1761408000,MANUAL_ADD
KXNCAAFGAME-25OCT25SYRGT,KXNCAAFGAME-25OCT25SYRGT-GT,Syracuse at Georgia Tech Winner?,Georgia Tech,KXNCAAFGAME,Syracuse,Georgia Tech,1761408000,MANUAL_ADD
KXNCAAFGAME-25OCT25UCLAIND,KXNCAAFGAME-25OCT25UCLAIND-IND,UCLA at Indiana Winner?,Indiana,KXNCAAFGAME,UCLA,Indiana,1761408000,MANUAL_ADD
KXNCAAFGAME-25OCT25UVAUNC,KXNCAAFGAME-25OCT25UVAUNC-UNC,Virginia at North Carolina Winner?,North Carolina,KXNCAAFGAME,Virginia,North Carolina,1761408000,MANUAL_ADD
KXNCAAFGAME-25OCT25AUBARK,Auburn,Arkansas,1761410700
KXNCAAFGAME-25OCT25AKRBUFF,Akron,Buffalo,1761411600
KXNCAAFGAME-25OCT25CONNRICE,Connecticut,Rice,1761418800
KXNCAAFGAME-25OCT25ALASCAR,Alabama,South Carolina,1761420600
KXNCAAFGAME-25OCT25BALLNIU,Ball State,Northern Illinois,1761420600
KXNCAAFGAME-25OCT25BYUISU,BYU,Iowa State,1761420600
KXNCAAFGAME-25OCT25FAUNAVY,Florida Atlantic,Navy,1761420600
KXNCAAFGAME-25OCT25ILLWASH,Illinois,Washington,1761420600
KXNCAAFGAME-25OCT25ULMUSM,Louisiana-Monroe,Southern Miss,1761420600
KXNCAAFGAME-25OCT25MINNIOWA,Minnesota,Iowa,1761420600
KXNCAAFGAME-25OCT25MIZZVAN,Missouri,Vanderbilt,1761420600
KXNCAAFGAME-25OCT25NCSTPITT,North Carolina State,Pittsburgh,1761420600
KXNCAAFGAME-25OCT25SDSUFRES,San Diego State,Fresno State,1761420600
KXNCAAFGAME-25OCT25TEMTLSA,Temple,Tulsa,1761420600
KXNCAAFGAME-25OCT25TOLWSU,Toledo,Washington State,1761420600
KXNCAAFGAME-25OCT25MASSCMU,Massachusetts,Central Michigan,1761420600
KXNCAAFGAME-25OCT25WMUM-OH,Western Michigan,Miami (OH),1761420600
KXNCAAFGAME-25OCT25BAYCIN,Baylor,Cincinnati,1761422400
KXNCAAFGAME-25OCT25OKSTTTU,Oklahoma State,Texas Tech,1761422400
KXNCAAFGAME-25OCT25TEXMSST,Texas,Mississippi State,1761423300
